id,trainer_id,pokemon_id,level,experience_point,current_health,catch_date,catch_datetime,location,status
1,7,25,42,2500,75,2023-02-14,2023-02-14 5:27,Seoul,Active
2,15,6,56,4300,120,2023-03-10,2023-03-10 20:27,Busan,Active
3,4,12,21,800,40,2023-01-05,2023-01-05 14:28,Incheon,Active
4,12,19,39,2100,95,2023-02-28,2023-02-28 22:39,Gwangju,Active
5,1,143,70,9500,160,2023-05-22,2023-05-22 20:58,Daejeon,Active
6,9,94,12,450,35,2023-01-20,2023-01-20 9:51,Ulsan,Released
7,5,9,17,650,45,2023-01-28,2023-01-28 10:52,Sejong,Active
8,3,81,51,3800,110,2023-03-29,2023-03-29 14:25,Incheon,Training
9,10,37,8,320,30,2023-01-15,2023-01-15 4:04,Gangwon,Active
10,8,129,15,800,40,2023-06-10,2023-06-10 8:37,Sejong,Active
11,17,156,55,4400,120,2023-02-01,2023-02-01 16:04,Sejong,Active
12,20,73,42,2200,75,2023-02-20,2023-02-20 2:44,Seoul,Active
13,13,107,23,910,40,2023-01-12,2023-01-12 17:37,Seoul,Released
14,6,222,14,520,35,2023-01-25,2023-01-25 18:10,Seoul,Active
15,2,66,48,2800,100,2023-03-05,2023-03-05 10:39,Jeju,Active
16,18,4,5,200,25,2023-01-02,2023-01-02 22:29,Seoul,Released
17,19,147,77,9000,150,2023-05-15,2023-05-15 16:48,Busan,Active
18,1,119,38,1900,85,2023-02-25,2023-02-25 7:47,Incheon,Active
19,16,22,12,450,30,2023-01-10,2023-01-10 3:41,Gwangju,Released
20,14,92,49,2600,90,2023-01-30,2023-01-30 8:51,Daejeon,Active
21,4,86,47,2600,95,2023-02-18,2023-02-18 15:33,Ulsan,Active
22,2,129,28,1200,55,2023-02-02,2023-02-02 11:24,Sejong,Training
23,7,5,16,600,40,2023-01-24,2023-01-24 1:45,Incheon,Active
24,15,76,33,1800,70,2023-02-22,2023-02-22 18:20,Gangwon,Active
25,12,37,7,280,25,2023-01-17,2023-01-17 20:14,Jinju,Released
26,6,143,64,8200,140,2023-06-05,2023-06-05 21:52,Ulsan,Active
27,1,94,40,2130,90,2023-01-26,2023-01-26 12:40,Ulsan,Active
28,20,9,45,3000,85,2023-01-15,2023-01-15 3:35,Jeju,Active
29,9,81,49,3400,100,2023-03-25,2023-03-25 0:28,Jeju,Training
30,5,12,19,750,40,2023-01-07,2023-01-07 22:28,Jeju,Active
31,3,66,52,4100,110,2023-03-08,2023-03-08 19:11,Seoul,Active
32,8,4,9,300,30,2023-01-04,2023-01-04 5:23,Busan,Released
33,13,147,10,240,30,2023-05-20,2023-05-20 8:42,Incheon,Active
34,19,119,42,2300,80,2023-02-27,2023-02-27 2:46,Gwangju,Active
35,18,22,15,700,35,2023-01-11,2023-01-11 5:15,Daejeon,Released
36,10,92,21,850,45,2023-01-31,2023-01-31 15:21,Sejong,Active
37,14,86,50,2800,105,2023-02-20,2023-02-20 5:48,Incheon,Active
38,6,129,32,1400,60,2023-02-05,2023-02-05 21:35,Gangwon,Training
39,7,5,19,750,40,2023-01-27,2023-01-27 23:33,Daejeon,Active
40,16,76,35,2000,75,2023-02-24,2023-02-24 5:53,Daejeon,Active
41,5,37,8,320,30,2023-01-18,2023-01-18 4:31,Busan,Released
42,12,143,68,8700,150,2023-06-07,2023-06-07 21:40,Busan,Active
43,3,94,68,7300,140,2023-01-27,2023-01-27 13:45,Gwangju,Active
44,8,9,27,1100,55,2023-01-16,2023-01-16 0:43,Sejong,Active
45,9,81,53,3900,110,2023-03-28,2023-03-28 13:39,Seoul,Training
46,2,12,21,800,40,2023-01-08,2023-01-08 4:54,Busan,Active
47,1,66,55,4500,120,2023-03-12,2023-03-12 9:46,Incheon,Active
48,17,4,11,350,35,2023-01-06,2023-01-06 23:13,Gwangju,Released
49,15,147,30,1700,60,2023-05-25,2023-05-25 10:27,Daejeon,Active
50,10,76,37,2100,80,2023-02-26,2023-02-26 21:16,Sejong,Active
51,6,86,53,2900,100,2023-02-20,2023-02-20 4:48,Ulsan,Active
52,3,129,30,1300,60,2023-02-06,2023-02-06 6:18,Sejong,Training
53,7,5,20,850,40,2023-01-29,2023-01-29 2:10,Incheon,Active
54,15,73,45,2400,90,2023-02-22,2023-02-22 15:44,Jeju,Active
55,4,107,24,950,45,2023-01-13,2023-01-13 7:46,Busan,Released
56,8,222,15,550,35,2023-01-26,2023-01-26 21:11,Seoul,Active
57,2,143,65,8500,140,2023-06-06,2023-06-06 15:47,Seoul,Active
58,16,94,19,750,40,2023-01-28,2023-01-28 13:54,Busan,Active
59,13,9,23,900,45,2023-01-18,2023-01-18 10:26,Seoul,Active
60,7,81,55,4000,110,2023-03-30,2023-03-30 6:24,Jeju,Training
61,5,12,20,800,40,2023-01-09,2023-01-09 16:36,Jeju,Active
62,3,66,56,4700,120,2023-03-15,2023-03-15 4:26,Seoul,Active
63,8,4,12,400,35,2023-01-07,2023-01-07 18:05,Busan,Released
64,14,147,92,13500,210,2023-05-30,2023-05-30 21:55,Incheon,Active
65,12,119,45,2500,90,2023-02-28,2023-02-28 1:41,Gwangju,Training
66,9,22,15,700,35,2023-01-12,2023-01-12 6:48,Daejeon,Released
67,11,92,22,900,45,2023-02-01,2023-02-01 2:54,Sejong,Active
68,5,86,54,2800,100,2023-02-19,2023-02-19 16:08,Incheon,Active
69,1,129,32,1400,60,2023-02-03,2023-02-03 21:05,Gangwon,Training
70,12,5,21,850,40,2023-01-25,2023-01-25 16:38,Seoul,Active
71,6,76,38,2200,85,2023-02-23,2023-02-23 3:25,Seoul,Active
72,2,37,8,320,30,2023-01-19,2023-01-19 14:48,Seoul,Released
73,3,143,67,9000,150,2023-06-08,2023-06-08 5:34,Daejeon,Active
74,7,94,20,800,40,2023-01-29,2023-01-29 18:40,Seoul,Active
75,15,9,29,1300,60,2023-01-19,2023-01-19 18:15,Jeju,Released
76,9,81,56,4100,110,2023-04-01,2023-04-01 6:44,Seoul,Training
77,2,12,22,900,45,2023-01-10,2023-01-10 3:21,Busan,Active
78,1,66,57,4900,125,2023-03-18,2023-03-18 11:56,Incheon,Active
79,17,4,13,450,40,2023-01-08,2023-01-08 21:11,Gwangju,Released
80,15,147,35,2000,80,2023-06-04,2023-06-04 7:19,Daejeon,Active
81,7,25,42,2500,75,2023-02-14,2023-02-14 5:13,Seoul,Active
82,15,6,56,4300,120,2023-03-10,2023-03-10 19:27,Busan,Released
83,4,12,21,800,40,2023-01-05,2023-01-05 7:26,Incheon,Active
84,12,19,39,2100,95,2023-02-28,2023-02-28 9:47,Gwangju,Active
85,1,143,70,9500,160,2023-05-22,2023-05-22 23:10,Daejeon,Active
86,22,57,34,1500,55,2023-01-12,2023-01-12 10:05,Daegu,Active
87,43,178,80,9400,160,2023-03-15,2023-03-15 21:45,Ulsan,Active
88,64,93,41,2600,90,2023-04-02,2023-04-02 11:13,Busan,Released
89,18,221,70,9600,168,2023-06-18,2023-06-18 17:13,Seoul,Active
90,5,75,55,4100,115,2023-02-25,2023-02-25 0:11,Incheon,Active
91,81,116,63,6000,140,2023-07-03,2023-07-03 6:09,Daejeon,Active
92,72,29,14,600,35,2023-01-19,2023-01-19 12:30,Gwangju,Released
93,38,213,51,3500,90,2023-04-29,2023-04-29 9:14,Seoul,Active
94,14,105,47,3000,80,2023-05-14,2023-05-14 9:10,Incheon,Active
95,50,39,78,9100,145,2023-02-10,2023-02-10 18:38,Busan,Active
96,61,201,84,9200,175,2023-06-03,2023-06-03 13:31,Daejeon,Released
97,27,126,5,200,20,2023-01-08,2023-01-08 0:32,Daegu,Active
98,83,163,39,2200,90,2023-03-20,2023-03-20 21:19,Gwangju,Active
99,69,122,17,700,50,2023-04-18,2023-04-18 7:40,Incheon,Active
100,36,66,22,1200,40,2023-06-25,2023-06-25 20:54,Ulsan,Active
101,78,94,49,3400,85,2023-02-08,2023-02-08 21:59,Busan,Active
102,85,135,66,5300,130,2023-05-30,2023-05-30 16:00,Seoul,Released
103,49,81,92,15000,185,2023-07-08,2023-07-08 6:08,Daegu,Active
104,75,156,36,1900,85,2023-01-25,2023-01-25 2:02,Gwangju,Active
105,13,108,20,770,40,2023-03-23,2023-03-23 7:44,Daejeon,Active
106,68,44,18,800,60,2023-04-14,2023-04-14 10:29,Seoul,Active
107,59,207,32,1500,70,2023-06-05,2023-06-05 6:32,Busan,Active
108,53,78,27,900,55,2023-02-02,2023-02-02 16:46,Incheon,Released
109,44,134,70,8000,160,2023-07-15,2023-07-15 23:22,Ulsan,Active
110,16,58,43,2700,95,2023-01-22,2023-01-22 7:34,Daegu,Active
111,88,146,5,150,22,2023-04-01,2023-04-01 3:41,Gwangju,Active
112,26,227,83,8900,165,2023-05-18,2023-05-18 17:34,Seoul,Active
113,65,83,56,4800,110,2023-07-10,2023-07-10 10:17,Incheon,Active
114,35,182,34,1300,65,2023-02-12,2023-02-12 22:11,Busan,Active
115,73,197,87,9400,175,2023-06-20,2023-06-20 22:02,Daejeon,Released
116,17,33,47,3300,85,2023-01-10,2023-01-10 3:10,Daegu,Active
117,82,129,23,900,55,2023-03-25,2023-03-25 8:28,Gwangju,Active
118,52,14,22,950,40,2023-04-16,2023-04-16 9:38,Incheon,Active
119,12,169,46,2800,75,2023-06-28,2023-06-28 18:24,Ulsan,Active
120,77,98,74,8800,165,2023-02-06,2023-02-06 12:15,Busan,Active
121,1,50,51,3900,105,2023-05-27,2023-05-27 11:45,Seoul,Released
122,63,159,68,8100,160,2023-07-12,2023-07-12 9:25,Daegu,Active
123,9,168,24,950,50,2023-01-15,2023-01-15 7:48,Gwangju,Active
124,67,179,77,8000,140,2023-03-28,2023-03-28 6:37,Incheon,Active
125,88,192,5,130,20,2023-04-09,2023-04-09 0:25,Daejeon,Active
126,41,7,36,1700,50,2023-07-18,2023-07-18 19:08,Seoul,Active
127,89,195,82,9000,170,2023-01-18,2023-01-18 13:45,Daegu,Active
128,66,121,10,400,35,2023-03-30,2023-03-30 23:44,Gwangju,Released
129,46,20,38,2300,85,2023-04-21,2023-04-21 22:38,Incheon,Active
130,20,221,42,2800,85,2023-06-05,2023-06-05 23:23,Daegu,Active
131,79,99,25,1200,45,2023-02-17,2023-02-17 21:13,Gwangju,Active
132,71,156,53,3700,100,2023-04-10,2023-04-10 19:30,Busan,Active
133,17,74,35,3000,140,2023-01-15,2023-01-15 21:13,Incheon,Active
134,29,36,32,1500,60,2023-05-29,2023-05-29 5:17,Seoul,Active
135,2,63,61,5400,130,2023-06-22,2023-06-22 7:49,Daejeon,Active
136,40,205,73,8600,170,2023-01-19,2023-01-19 19:36,Ulsan,Released
137,86,101,40,2400,80,2023-02-20,2023-02-20 11:15,Busan,Active
138,39,143,50,3400,85,2023-03-12,2023-03-12 14:18,Seoul,Active
139,74,49,30,1200,50,2023-07-02,2023-07-02 23:04,Incheon,Active
140,84,58,55,4000,100,2023-01-05,2023-01-05 8:59,Gwangju,Released
141,48,225,13,480,25,2023-04-05,2023-04-05 6:30,Daegu,Active
142,10,18,7,250,20,2023-06-08,2023-06-08 14:14,Daejeon,Active
143,21,96,7,200,25,2023-02-24,2023-02-24 12:06,Busan,Active
144,76,35,40,2400,80,2023-05-15,2023-05-15 10:59,Seoul,Active
145,56,121,25,1200,55,2023-07-16,2023-07-16 11:02,Incheon,Active
146,70,144,30,2800,70,2023-01-11,2023-01-11 16:14,Daegu,Active
147,37,197,66,7200,150,2023-03-14,2023-03-14 19:33,Gwangju,Released
148,87,78,34,1800,65,2023-04-20,2023-04-20 14:18,Seoul,Active
149,23,31,7,220,20,2023-06-29,2023-06-29 8:34,Daejeon,Active
150,3,84,28,1300,50,2023-01-17,2023-01-17 8:24,Incheon,Active
151,60,150,80,10800,190,2023-03-25,2023-03-25 10:55,Daegu,Active
152,33,42,32,1500,55,2023-05-03,2023-05-03 23:10,Seoul,Active
153,8,181,58,4900,115,2023-07-05,2023-07-05 15:34,Busan,Active
154,17,154,20,900,40,2023-02-09,2023-02-09 20:48,Incheon,Released
155,55,39,30,1300,50,2023-04-12,2023-04-12 5:37,Seoul,Active
156,62,48,35,1900,65,2023-06-30,2023-06-30 1:29,Daejeon,Active
157,24,2,35,1700,60,2023-01-14,2023-01-14 0:20,Daegu,Active
158,41,149,48,2900,75,2023-03-20,2023-03-20 13:59,Gwangju,Active
159,16,171,24,1000,40,2023-04-28,2023-04-28 22:15,Busan,Active
160,82,8,62,5600,130,2023-05-24,2023-05-24 16:08,Seoul,Active
161,72,10,85,9800,170,2023-07-07,2023-07-07 12:01,Incheon,Active
162,5,113,36,1900,80,2023-02-18,2023-02-18 3:54,Seoul,Active
163,36,41,28,1400,55,2023-03-16,2023-03-16 12:32,Daejeon,Active
164,27,98,40,2400,70,2023-04-11,2023-04-11 5:24,Gwangju,Active
165,59,51,10,400,25,2023-07-04,2023-07-04 9:49,Busan,Active
166,22,12,6,180,20,2023-01-13,2023-01-13 2:47,Seoul,Active
167,43,127,37,2000,85,2023-05-13,2023-05-13 12:38,Incheon,Active
168,35,79,35,1600,60,2023-06-26,2023-06-26 0:26,Seoul,Active
169,7,193,71,9600,180,2023-01-30,2023-01-30 9:08,Daejeon,Training
170,51,20,42,2800,80,2023-02-26,2023-02-26 21:07,Busan,Active
171,64,124,34,1500,50,2023-03-17,2023-03-17 19:53,Seoul,Active
172,86,28,42,2500,90,2023-07-21,2023-07-21 22:14,Gwangju,Active
173,58,97,40,2400,75,2023-01-16,2023-01-16 17:37,Busan,Active
174,80,111,8,300,30,2023-04-08,2023-04-08 23:31,Seoul,Active
175,12,204,38,2050,60,2023-06-21,2023-06-21 12:34,Daejeon,Active
176,28,50,28,1300,55,2023-02-07,2023-02-07 12:01,Incheon,Active
177,3,95,36,1800,75,2023-05-12,2023-05-12 7:05,Seoul,Active
178,44,23,45,3100,90,2023-07-25,2023-07-25 12:17,Seoul,Active
179,69,198,36,2900,80,2023-01-24,2023-01-24 12:24,Busan,Active
180,47,57,25,1200,50,2023-04-05,2023-04-05 12:26,Gwangju,Active
181,78,156,63,5900,140,2023-06-08,2023-06-08 20:50,Daegu,Active
182,17,222,11,450,30,2023-01-12,2023-01-12 10:50,Seoul,Released
183,66,18,31,1400,55,2023-03-15,2023-03-15 5:29,Incheon,Active
184,3,85,8,350,25,2023-07-02,2023-07-02 19:48,Busan,Released
185,45,57,25,1300,55,2023-02-17,2023-02-17 12:06,Seoul,Active
186,68,143,69,7200,145,2023-04-22,2023-04-22 4:00,Daejeon,Active
187,29,225,31,1600,60,2023-06-15,2023-06-15 8:50,Daegu,Active
188,84,77,64,6500,125,2023-01-16,2023-01-16 21:17,Gwangju,Active
189,8,101,56,4300,110,2023-03-19,2023-03-19 16:08,Busan,Active
190,22,53,19,800,40,2023-05-31,2023-05-31 11:53,Seoul,Active
191,14,154,48,2800,70,2023-07-13,2023-07-13 19:17,Incheon,Active
192,31,110,50,3300,75,2023-01-25,2023-01-25 14:28,Seoul,Active
193,87,6,22,1000,35,2023-04-08,2023-04-08 3:44,Daejeon,Active
194,39,125,48,2800,70,2023-06-24,2023-06-24 21:42,Gwangju,Released
195,82,131,47,2500,80,2023-02-25,2023-02-25 0:02,Busan,Active
196,11,78,22,1000,40,2023-04-18,2023-04-18 20:46,Seoul,Active
197,70,225,44,3000,75,2023-06-07,2023-06-07 18:50,Daegu,Active
198,43,37,58,4800,125,2023-01-09,2023-01-09 2:25,Incheon,Active
199,15,135,60,5100,120,2023-03-25,2023-03-25 10:39,Seoul,Training
200,77,18,15,600,30,2023-05-20,2023-05-20 10:42,Gwangju,Active
201,58,129,26,1200,50,2023-07-18,2023-07-18 0:20,Seoul,Active
202,23,166,40,2400,85,2023-02-22,2023-02-22 8:22,Busan,Released
203,87,221,43,3000,75,2023-04-29,2023-04-29 6:08,Seoul,Active
204,42,204,84,9800,180,2023-06-11,2023-06-11 13:03,Daejeon,Active
205,81,78,30,1400,65,2023-01-12,2023-01-12 3:57,Gwangju,Active
206,54,221,45,3100,80,2023-03-27,2023-03-27 15:21,Seoul,Active
207,27,78,28,1300,55,2023-05-23,2023-05-23 9:54,Incheon,Active
208,88,43,5,140,22,2023-07-14,2023-07-14 0:56,Busan,Active
209,9,20,4,150,15,2023-01-10,2023-01-10 21:41,Seoul,Released
210,26,156,68,7700,160,2023-03-21,2023-03-21 17:18,Daegu,Active
211,74,79,74,8500,160,2023-04-28,2023-04-28 19:46,Gwangju,Active
212,38,88,41,2700,80,2023-06-10,2023-06-10 2:16,Seoul,Active
213,56,133,43,2900,75,2023-02-26,2023-02-26 0:56,Daegu,Active
214,19,68,42,2700,75,2023-04-15,2023-04-15 15:29,Incheon,Active
215,65,42,26,1100,40,2023-06-22,2023-06-22 8:48,Busan,Active
216,50,112,60,5000,120,2023-01-20,2023-01-20 22:51,Seoul,Released
217,85,42,28,1300,55,2023-03-24,2023-03-24 11:40,Gwangju,Active
218,73,43,30,1400,65,2023-05-17,2023-05-17 7:59,Daegu,Active
219,40,33,52,4500,100,2023-07-23,2023-07-23 19:39,Incheon,Active
220,18,174,59,4800,110,2023-01-13,2023-01-13 9:03,Busan,Active
221,72,91,30,1200,55,2023-04-12,2023-04-12 7:50,Seoul,Active
222,12,60,70,9200,160,2023-06-25,2023-06-25 17:29,Daejeon,Training
223,28,56,22,900,35,2023-02-27,2023-02-27 11:58,Seoul,Active
224,52,45,50,3300,75,2023-04-21,2023-04-21 18:51,Incheon,Active
225,75,222,47,2500,80,2023-06-18,2023-06-18 0:41,Gwangju,Active
226,53,46,35,1800,65,2023-01-19,2023-01-19 20:28,Seoul,Released
227,83,200,75,9800,190,2023-03-22,2023-03-22 0:39,Busan,Active
228,64,73,36,1900,70,2023-05-16,2023-05-16 12:21,Seoul,Active
229,25,52,38,2200,85,2023-07-11,2023-07-11 16:51,Daegu,Active
230,26,85,38,2000,70,2023-02-02,2023-02-02 12:39,Seoul,Active
231,17,99,39,3200,150,2023-03-25,2023-03-25 3:52,Incheon,Active
232,78,177,24,900,40,2023-05-17,2023-05-17 11:46,Gwangju,Active
233,31,160,34,1800,65,2023-07-08,2023-07-08 10:11,Daegu,Active
234,49,139,57,4700,110,2023-01-12,2023-01-12 14:08,Busan,Released
235,33,181,40,2300,80,2023-03-28,2023-03-28 7:18,Seoul,Active
236,22,144,42,2700,75,2023-05-19,2023-05-19 12:47,Incheon,Active
237,81,16,14,700,25,2023-07-21,2023-07-21 19:30,Gwangju,Active
238,38,81,15,700,35,2023-02-10,2023-02-10 2:07,Daegu,Active
239,86,100,60,5000,120,2023-04-15,2023-04-15 11:36,Busan,Active
240,11,183,37,2000,85,2023-06-07,2023-06-07 10:09,Seoul,Active
241,59,35,30,1400,55,2023-01-10,2023-01-10 1:37,Daejeon,Active
242,61,160,35,1800,65,2023-03-20,2023-03-20 10:31,Incheon,Active
243,40,119,28,1300,60,2023-05-21,2023-05-21 7:37,Seoul,Active
244,58,11,7,220,25,2023-07-17,2023-07-17 11:14,Gwangju,Active
245,39,20,28,1300,50,2023-02-03,2023-02-03 2:34,Daegu,Active
246,46,143,65,8000,150,2023-04-09,2023-04-09 18:58,Seoul,Active
247,57,73,28,1200,45,2023-06-14,2023-06-14 15:38,Incheon,Active
248,10,63,58,4900,115,2023-01-23,2023-01-23 13:00,Busan,Released
249,7,144,62,5600,130,2023-03-26,2023-03-26 2:05,Seoul,Active
250,12,93,47,2500,80,2023-05-13,2023-05-13 4:01,Daejeon,Training
251,72,204,84,9600,175,2023-07-01,2023-07-01 9:49,Gwangju,Active
252,83,141,46,2900,75,2023-02-18,2023-02-18 7:54,Daegu,Active
253,42,68,60,5200,125,2023-04-19,2023-04-19 11:22,Incheon,Active
254,36,100,60,5000,120,2023-06-20,2023-06-20 12:47,Seoul,Active
255,54,115,10,400,30,2023-01-05,2023-01-05 23:05,Incheon,Active
256,5,102,13,550,30,2023-03-08,2023-03-08 5:04,Gwangju,Training
257,66,181,42,2800,80,2023-05-23,2023-05-23 13:21,Daegu,Active
258,80,75,40,2300,85,2023-07-12,2023-07-12 16:41,Busan,Active
259,89,195,63,5800,140,2023-02-15,2023-02-15 6:32,Seoul,Released
260,16,198,50,3300,75,2023-04-11,2023-04-11 9:04,Daejeon,Active
261,43,189,50,3300,80,2023-06-28,2023-06-28 16:52,Incheon,Active
262,68,16,12,550,30,2023-01-07,2023-01-07 7:48,Seoul,Active
263,29,54,24,950,40,2023-03-30,2023-03-30 7:41,Gwangju,Active
264,44,204,82,9400,175,2023-05-28,2023-05-28 18:43,Daegu,Active
265,32,20,6,190,20,2023-07-11,2023-07-11 4:52,Busan,Active
266,77,154,38,1900,80,2023-02-05,2023-02-05 9:54,Seoul,Active
267,55,199,36,2000,70,2023-04-14,2023-04-14 10:58,Incheon,Active
268,88,186,5,150,20,2023-06-03,2023-06-03 21:01,Gwangju,Released
269,25,47,31,1500,60,2023-01-09,2023-01-09 2:16,Daegu,Active
270,17,86,46,2700,80,2023-03-12,2023-03-12 13:13,Seoul,Active
271,20,133,57,4800,120,2023-05-16,2023-05-16 7:34,Daejeon,Active
272,71,95,9,450,30,2023-02-14,2023-02-14 13:30,Gwangju,Active
273,17,59,62,5300,130,2023-04-06,2023-04-06 2:03,Daegu,Active
274,82,36,37,2000,65,2023-06-12,2023-06-12 12:07,Seoul,Active
275,37,22,42,2500,75,2023-01-19,2023-01-19 21:21,Busan,Active
276,9,188,41,2700,80,2023-03-30,2023-03-30 21:08,Incheon,Active
277,22,80,28,1300,55,2023-05-25,2023-05-25 8:44,Gwangju,Active
278,39,40,27,1220,45,2023-07-20,2023-07-20 16:29,Daegu,Active
279,8,150,20,1000,48,2023-02-18,2023-02-18 8:11,Seoul,Active
280,17,97,42,2500,85,2023-04-16,2023-04-16 2:37,Daejeon,Active
281,3,32,31,1400,55,2023-06-27,2023-06-27 12:27,Incheon,Training
282,52,58,30,1300,55,2023-01-13,2023-01-13 2:07,Busan,Active
283,79,66,72,8500,165,2023-03-21,2023-03-21 19:25,Seoul,Released
284,48,8,53,4200,95,2023-05-29,2023-05-29 12:29,Gwangju,Active
285,55,182,45,2900,80,2023-07-17,2023-07-17 5:06,Daegu,Active
286,68,30,90,14000,180,2023-02-09,2023-02-09 8:13,Incheon,Active
287,11,47,12,600,35,2023-04-18,2023-04-18 4:47,Seoul,Active
288,85,96,61,5500,130,2023-06-25,2023-06-25 22:42,Daejeon,Active
289,2,226,43,3200,85,2023-01-27,2023-01-27 13:03,Busan,Active
290,35,5,46,2500,80,2023-04-05,2023-04-05 15:29,Gwangju,Active
291,37,159,46,2800,80,2023-06-01,2023-06-01 10:20,Seoul,Active
292,89,109,54,3900,100,2023-01-12,2023-01-12 4:51,Daegu,Released
293,47,61,43,2800,75,2023-03-30,2023-03-30 23:58,Incheon,Active
294,60,129,24,950,50,2023-05-18,2023-05-18 0:19,Busan,Active
295,77,13,18,800,40,2023-07-24,2023-07-24 21:18,Seoul,Active
296,17,70,39,2200,90,2023-02-22,2023-02-22 1:28,Gwangju,Active
297,56,32,29,1300,60,2023-04-13,2023-04-13 16:01,Daegu,Active
298,15,55,11,500,35,2023-06-19,2023-06-19 13:19,Incheon,Active
299,84,53,66,6900,120,2023-01-26,2023-01-26 20:41,Busan,Active
300,23,186,40,2300,80,2023-03-29,2023-03-29 12:37,Seoul,Active
301,4,15,8,350,25,2023-05-27,2023-05-27 17:31,Daejeon,Active
302,85,35,38,2000,70,2023-07-16,2023-07-16 14:07,Seoul,Active
303,63,196,38,2000,60,2023-02-07,2023-02-07 12:41,Gwangju,Active
304,42,70,62,5800,120,2023-04-23,2023-04-23 16:11,Daegu,Active
305,9,154,38,1900,75,2023-06-03,2023-06-03 18:53,Incheon,Active
306,2,61,34,1700,65,2023-01-08,2023-01-08 15:17,Busan,Training
307,19,159,46,3100,95,2023-03-31,2023-03-31 10:43,Seoul,Active
308,30,190,13,480,31,2023-05-10,2023-05-10 4:17,Daejeon,Active
309,56,127,55,4200,100,2023-07-29,2023-07-29 10:58,Incheon,Active
310,71,185,61,5300,130,2023-02-23,2023-02-23 20:17,Busan,Released
311,86,54,35,1700,65,2023-04-14,2023-04-14 4:13,Gwangju,Active
312,15,151,44,2600,75,2023-06-22,2023-06-22 15:17,Daegu,Training
313,83,15,63,7800,150,2023-01-19,2023-01-19 22:02,Seoul,Active
314,63,119,42,2500,80,2023-03-12,2023-03-12 18:27,Daejeon,Active
315,34,30,13,550,28,2023-05-27,2023-05-27 4:15,Incheon,Active
316,72,60,74,8700,170,2023-07-03,2023-07-03 12:15,Seoul,Active
317,52,178,14,650,30,2023-02-16,2023-02-16 23:01,Gwangju,Active
318,77,206,40,2200,80,2023-04-08,2023-04-08 3:20,Daegu,Active
319,68,135,64,8000,160,2023-06-12,2023-06-12 21:20,Busan,Active
320,33,194,36,1900,75,2023-01-13,2023-01-13 3:41,Seoul,Active
321,87,53,7,250,25,2023-03-29,2023-03-29 8:44,Daejeon,Active
322,47,40,25,1200,55,2023-05-16,2023-05-16 20:38,Gwangju,Active
323,12,72,22,900,40,2023-07-22,2023-07-22 15:40,Daegu,Training
324,21,111,10,410,30,2023-02-09,2023-02-09 3:49,Incheon,Active
325,66,46,30,1400,60,2023-04-17,2023-04-17 2:43,Seoul,Active
326,82,94,57,4800,115,2023-06-03,2023-06-03 19:45,Daejeon,Active
327,43,22,55,4100,90,2023-07-26,2023-07-26 4:30,Gwangju,Active
328,17,105,71,9700,150,2023-02-27,2023-02-27 17:52,Daegu,Active
329,28,39,50,3100,75,2023-04-30,2023-04-30 17:44,Seoul,Active
330,49,94,32,1600,60,2023-06-08,2023-06-08 16:49,Daejeon,Active
331,65,19,42,2700,75,2023-01-19,2023-01-19 7:34,Incheon,Active
332,13,37,22,1000,45,2023-03-25,2023-03-25 17:06,Gwangju,Active
333,30,46,20,780,45,2023-05-20,2023-05-20 16:42,Daegu,Active
334,11,152,48,2700,70,2023-07-10,2023-07-10 11:58,Seoul,Active
335,84,139,60,4900,110,2023-02-14,2023-02-14 16:30,Daejeon,Released
336,16,53,21,1000,42,2023-04-11,2023-04-11 16:46,Incheon,Active
337,33,145,39,2200,85,2023-06-21,2023-06-21 14:46,Busan,Active
338,47,21,43,2800,75,2023-01-17,2023-01-17 23:34,Seoul,Active
339,26,159,44,2600,80,2023-03-29,2023-03-29 3:19,Gwangju,Active
340,79,224,42,2500,75,2023-05-12,2023-05-12 13:02,Daegu,Active
341,14,25,12,550,30,2023-07-23,2023-07-23 16:29,Incheon,Active
342,22,129,23,900,40,2023-02-25,2023-02-25 10:29,Busan,Active
343,89,98,38,1800,75,2023-04-27,2023-04-27 13:19,Seoul,Active
344,39,45,40,2200,90,2023-06-29,2023-06-29 18:29,Daejeon,Active
345,88,137,23,900,45,2023-01-05,2023-01-05 20:46,Gwangju,Active
346,27,185,59,4900,115,2023-03-14,2023-03-14 4:40,Daegu,Released
347,8,14,7,250,20,2023-05-02,2023-05-02 6:36,Incheon,Training
348,15,111,24,1000,40,2023-07-11,2023-07-11 23:21,Seoul,Training
349,76,82,14,650,30,2023-02-02,2023-02-02 13:38,Daejeon,Active
350,62,71,50,3100,80,2023-04-03,2023-04-03 4:48,Gwangju,Active
351,67,53,66,6800,120,2023-06-08,2023-06-08 23:28,Daegu,Active
352,3,151,54,4000,100,2023-01-09,2023-01-09 10:04,Incheon,Released
353,7,12,10,450,30,2023-03-19,2023-03-19 1:27,Seoul,Training
354,34,137,45,2700,80,2023-05-22,2023-05-22 22:47,Daejeon,Active
355,50,42,71,8100,170,2023-07-29,2023-07-29 19:13,Incheon,Active
356,57,173,57,4600,110,2023-02-24,2023-02-24 15:38,Busan,Released
357,61,209,43,2900,75,2023-04-19,2023-04-19 1:26,Gwangju,Active
358,64,71,31,1500,60,2023-06-30,2023-06-30 9:59,Daegu,Active
359,70,207,48,3200,85,2023-01-21,2023-01-21 14:33,Seoul,Active
360,21,22,15,530,33,2023-03-22,2023-03-22 18:02,Daejeon,Active
361,53,82,48,3000,95,2023-05-09,2023-05-09 4:48,Incheon,Active
362,32,153,15,520,35,2023-07-14,2023-07-14 4:24,Seoul,Active
363,45,163,40,2400,70,2023-02-15,2023-02-15 23:41,Gwangju,Active
364,20,58,82,12000,180,2023-04-11,2023-04-11 1:13,Daegu,Active
365,85,59,42,2500,80,2023-06-10,2023-06-10 19:19,Incheon,Active
366,66,26,39,2400,65,2023-01-13,2023-01-13 16:19,Busan,Active
367,89,63,23,950,40,2023-03-11,2023-03-11 10:43,Seoul,Active
368,87,32,28,1300,55,2023-05-23,2023-05-23 21:44,Daejeon,Active
369,78,53,33,1600,60,2023-07-19,2023-07-19 7:35,Gwangju,Active
370,13,154,18,560,40,2023-02-08,2023-02-08 0:29,Daegu,Active
371,2,86,37,2000,65,2023-04-02,2023-04-02 11:54,Incheon,Training
372,51,102,84,11500,180,2023-06-18,2023-06-18 2:38,Seoul,Active
373,86,12,11,450,30,2023-01-19,2023-01-19 5:14,Daejeon,Active
374,40,133,37,1800,65,2023-03-29,2023-03-29 11:55,Gwangju,Active
375,74,92,50,3200,80,2023-05-17,2023-05-17 22:33,Daegu,Active
376,23,93,39,2100,95,2023-07-01,2023-07-01 0:50,Incheon,Active
377,64,50,27,1200,55,2023-02-20,2023-02-20 19:07,Busan,Active
378,79,37,34,1600,60,2023-04-30,2023-04-30 12:28,Seoul,Active
379,45,177,18,800,35,2023-06-25,2023-06-25 4:39,Daejeon,Active